Bakery_ID,Customer_ID,Age,Gender,Items_Purchased,Amount_Spent,Purchase_Date,Time_of_Purchase,Loyalty_Member,Payment_Method
Bakery_1,1,19-35,Female,1-5,low,2024-08-02,Afternoon,Yes,E-Payment
Bakery_1,2,19-35,Female,1-5,low,2024-09-15,Morning,No,E-Payment
Bakery_1,3,50+,Non-binary,16+,high,2024-08-07,Morning,No,Cash
Bakery_1,4,19-35,Female,6-10,medium,2024-09-18,Morning,Yes,Cash
Bakery_1,5,19-35,Female,16+,medium,2024-05-05,Evening,No,Cash
Bakery_1,6,36-50,Female,6-10,medium,2024-09-04,Morning,No,Cash
Bakery_1,7,19-35,Female,1-5,low,2024-05-10,Evening,No,Cash
Bakery_1,8,50+,Male,11-15,medium,2024-06-14,Morning,Yes,E-Payment
Bakery_1,9,36-50,Male,16+,very high,2024-10-01,Evening,Yes,Cash
Bakery_1,10,19-35,Non-binary,16+,high,2024-04-24,Afternoon,No,Cash
Bakery_1,11,19-35,Female,6-10,high,2024-05-30,Afternoon,No,E-Payment
Bakery_1,12,19-35,Female,16+,very high,2024-08-27,Afternoon,Yes,Cash
Bakery_1,13,50+,Female,1-5,medium,2024-07-20,Evening,Yes,Cash
Bakery_1,14,36-50,Female,11-15,high,2024-06-25,Afternoon,Yes,Cash
Bakery_1,15,50+,Non-binary,1-5,medium,2024-07-23,Morning,Yes,Cash
Bakery_1,16,50+,Male,1-5,medium,2024-06-25,Morning,Yes,E-Payment
Bakery_1,17,36-50,Non-binary,1-5,low,2024-08-24,Afternoon,Yes,E-Payment
Bakery_1,18,36-50,Non-binary,16+,high,2024-07-15,Evening,No,Cash
Bakery_1,19,50+,Non-binary,16+,very high,2024-06-17,Afternoon,No,E-Payment
Bakery_1,20,50+,Non-binary,1-5,low,2024-09-12,Evening,Yes,Cash
Bakery_1,21,50+,Female,1-5,medium,2024-08-12,Evening,No,E-Payment
Bakery_1,22,36-50,Female,1-5,medium,2024-08-27,Evening,Yes,Cash
Bakery_1,23,19-35,Non-binary,11-15,very high,2024-04-18,Evening,No,Cash
Bakery_1,24,19-35,Male,1-5,medium,2024-06-20,Morning,No,Cash
Bakery_1,25,50+,Female,11-15,high,2024-05-12,Evening,Yes,Cash
Bakery_1,26,50+,Female,16+,very high,2024-04-18,Evening,No,E-Payment
Bakery_1,27,36-50,Male,6-10,high,2024-05-15,Evening,No,Cash
Bakery_1,28,50+,Non-binary,6-10,medium,2024-04-21,Evening,Yes,E-Payment
Bakery_1,29,36-50,Non-binary,1-5,low,2024-07-12,Evening,No,E-Payment
Bakery_1,30,19-35,Non-binary,6-10,medium,2024-07-19,Morning,No,Cash
Bakery_1,31,36-50,Female,16+,very high,2024-05-16,Morning,No,Cash
Bakery_1,32,36-50,Female,1-5,low,2024-06-05,Morning,Yes,Cash
Bakery_1,33,36-50,Male,1-5,medium,2024-10-06,Morning,Yes,E-Payment
Bakery_1,34,19-35,Male,16+,very high,2024-08-04,Afternoon,No,E-Payment
Bakery_1,35,36-50,Female,11-15,very high,2024-05-10,Evening,No,E-Payment
Bakery_1,36,50+,Non-binary,1-5,low,2024-06-02,Morning,No,E-Payment
Bakery_1,37,36-50,Non-binary,16+,very high,2024-08-17,Afternoon,No,Cash
Bakery_1,38,36-50,Non-binary,11-15,medium,2024-06-11,Afternoon,No,Cash
Bakery_1,39,50+,Female,6-10,medium,2024-08-02,Morning,No,E-Payment
Bakery_1,40,19-35,Female,1-5,low,2024-05-31,Morning,Yes,E-Payment
Bakery_1,41,50+,Female,11-15,high,2024-07-10,Evening,No,E-Payment
Bakery_1,42,50+,Female,1-5,low,2024-06-14,Evening,Yes,Cash
Bakery_1,43,50+,Non-binary,6-10,medium,2024-06-29,Evening,No,E-Payment
Bakery_1,44,19-35,Male,1-5,low,2024-05-10,Evening,Yes,E-Payment
Bakery_1,45,19-35,Non-binary,16+,very high,2024-04-21,Evening,Yes,E-Payment
Bakery_1,46,50+,Female,11-15,very high,2024-06-25,Evening,No,Cash
Bakery_1,47,36-50,Male,1-5,low,2024-05-14,Afternoon,Yes,E-Payment
Bakery_1,48,19-35,Female,16+,very high,2024-08-29,Afternoon,Yes,Cash
Bakery_1,49,50+,Non-binary,16+,very high,2024-07-18,Evening,Yes,Cash
Bakery_1,50,36-50,Male,1-5,low,2024-05-11,Afternoon,Yes,E-Payment
Bakery_1,51,36-50,Non-binary,11-15,very high,2024-06-09,Afternoon,Yes,Cash
Bakery_1,52,19-35,Male,16+,high,2024-06-17,Morning,No,E-Payment
Bakery_1,53,0-18,Non-binary,1-5,low,2024-06-06,Evening,No,Cash
Bakery_1,54,36-50,Female,1-5,medium,2024-05-19,Morning,No,Cash
Bakery_1,55,36-50,Male,11-15,very high,2024-07-10,Evening,Yes,E-Payment
Bakery_1,56,19-35,Female,11-15,high,2024-05-23,Morning,Yes,Cash
Bakery_1,57,0-18,Non-binary,1-5,low,2024-04-27,Afternoon,Yes,E-Payment
Bakery_1,58,50+,Male,6-10,medium,2024-07-11,Afternoon,Yes,E-Payment
Bakery_1,59,50+,Female,1-5,low,2024-07-12,Evening,Yes,E-Payment
Bakery_1,60,36-50,Male,16+,very high,2024-04-28,Afternoon,Yes,Cash
Bakery_1,61,36-50,Female,6-10,medium,2024-06-22,Morning,No,E-Payment
Bakery_1,62,36-50,Non-binary,1-5,low,2024-09-28,Evening,Yes,E-Payment
Bakery_1,63,36-50,Non-binary,1-5,low,2024-08-26,Evening,No,E-Payment
Bakery_1,64,36-50,Female,16+,high,2024-09-26,Morning,No,E-Payment
Bakery_1,65,50+,Female,6-10,high,2024-05-30,Morning,Yes,E-Payment
Bakery_1,66,50+,Female,16+,medium,2024-07-22,Evening,No,E-Payment
Bakery_1,67,50+,Non-binary,1-5,medium,2024-07-10,Evening,Yes,E-Payment
Bakery_1,68,50+,Male,11-15,high,2024-06-19,Afternoon,No,E-Payment
Bakery_1,69,36-50,Non-binary,1-5,low,2024-09-17,Afternoon,No,E-Payment
Bakery_1,70,50+,Non-binary,16+,high,2024-09-10,Afternoon,Yes,E-Payment
Bakery_1,71,36-50,Male,11-15,very high,2024-08-28,Afternoon,Yes,E-Payment
Bakery_1,72,36-50,Male,1-5,medium,2024-07-26,Morning,Yes,E-Payment
Bakery_1,73,36-50,Non-binary,6-10,high,2024-06-29,Evening,No,E-Payment
Bakery_1,74,36-50,Female,11-15,very high,2024-10-07,Afternoon,Yes,E-Payment
Bakery_1,75,19-35,Female,1-5,low,2024-06-20,Evening,No,E-Payment
Bakery_1,76,50+,Female,11-15,high,2024-07-19,Morning,Yes,E-Payment
Bakery_1,77,36-50,Female,11-15,very high,2024-09-08,Afternoon,Yes,E-Payment
Bakery_1,78,36-50,Male,16+,very high,2024-08-29,Morning,No,E-Payment
Bakery_1,79,19-35,Non-binary,1-5,low,2024-06-23,Morning,No,E-Payment
Bakery_1,80,19-35,Male,6-10,medium,2024-09-13,Afternoon,Yes,E-Payment
Bakery_1,81,19-35,Non-binary,6-10,medium,2024-08-18,Afternoon,No,E-Payment
Bakery_1,82,50+,Female,6-10,high,2024-09-24,Afternoon,Yes,E-Payment
Bakery_1,83,36-50,Male,6-10,medium,2024-06-12,Evening,Yes,E-Payment
Bakery_1,84,36-50,Female,16+,high,2024-04-22,Evening,Yes,Cash
Bakery_1,85,19-35,Female,11-15,medium,2024-05-27,Evening,No,E-Payment
Bakery_1,86,19-35,Male,6-10,high,2024-05-30,Afternoon,Yes,E-Payment
Bakery_1,87,50+,Non-binary,16+,high,2024-04-17,Afternoon,Yes,E-Payment
Bakery_1,88,36-50,Male,11-15,very high,2024-09-15,Afternoon,No,E-Payment
Bakery_1,89,19-35,Male,1-5,low,2024-07-23,Evening,No,Cash
Bakery_1,90,50+,Female,16+,high,2024-06-14,Evening,Yes,Cash
Bakery_1,91,50+,Female,16+,high,2024-07-13,Morning,No,E-Payment
Bakery_1,92,50+,Female,6-10,medium,2024-04-18,Morning,Yes,Cash
Bakery_1,93,36-50,Female,1-5,low,2024-04-15,Evening,Yes,Cash
Bakery_1,94,19-35,Male,1-5,low,2024-05-31,Afternoon,Yes,E-Payment
Bakery_1,95,50+,Female,16+,very high,2024-07-16,Afternoon,No,E-Payment
Bakery_1,96,50+,Non-binary,1-5,low,2024-06-16,Morning,Yes,Cash
Bakery_1,97,19-35,Male,16+,high,2024-08-18,Afternoon,Yes,E-Payment
Bakery_1,98,50+,Female,1-5,low,2024-06-11,Afternoon,No,E-Payment
Bakery_1,99,50+,Male,6-10,medium,2024-07-04,Afternoon,Yes,E-Payment
Bakery_1,100,19-35,Female,6-10,high,2024-06-23,Evening,Yes,Cash
Bakery_2,1,19-35,Non-binary,6-10,high,2024-06-12,Evening,Yes,E-Payment
Bakery_2,2,19-35,Male,1-5,low,2024-05-21,Evening,Yes,E-Payment
Bakery_2,3,19-35,Non-binary,6-10,medium,2024-06-18,Morning,Yes,E-Payment
Bakery_2,4,19-35,Non-binary,1-5,low,2024-09-11,Afternoon,No,E-Payment
Bakery_2,5,50+,Non-binary,6-10,high,2024-09-24,Morning,No,E-Payment
Bakery_2,6,50+,Male,6-10,high,2024-06-22,Evening,Yes,E-Payment
Bakery_2,7,50+,Female,11-15,high,2024-07-18,Afternoon,Yes,E-Payment
Bakery_2,8,50+,Female,1-5,low,2024-09-20,Morning,Yes,E-Payment
Bakery_2,9,19-35,Male,11-15,very high,2024-05-24,Evening,Yes,Cash
Bakery_2,10,19-35,Male,16+,very high,2024-06-14,Afternoon,Yes,E-Payment
Bakery_2,11,50+,Female,11-15,high,2024-08-21,Evening,No,Cash
Bakery_2,12,50+,Male,1-5,low,2024-07-08,Afternoon,No,Cash
Bakery_2,13,19-35,Male,1-5,low,2024-05-28,Evening,Yes,Cash
Bakery_2,14,19-35,Female,16+,very high,2024-06-13,Morning,Yes,E-Payment
Bakery_2,15,50+,Female,11-15,high,2024-09-01,Evening,No,E-Payment
Bakery_2,16,36-50,Female,1-5,medium,2024-06-21,Evening,No,E-Payment
Bakery_2,17,50+,Male,6-10,high,2024-08-17,Evening,No,Cash
Bakery_2,18,50+,Female,11-15,very high,2024-05-28,Afternoon,Yes,Cash
Bakery_2,19,36-50,Male,1-5,medium,2024-05-01,Morning,No,E-Payment
Bakery_2,20,36-50,Female,6-10,high,2024-05-17,Afternoon,No,Cash
Bakery_2,21,36-50,Non-binary,16+,very high,2024-07-25,Afternoon,No,Cash
Bakery_2,22,36-50,Male,11-15,high,2024-07-15,Morning,Yes,E-Payment
Bakery_2,23,19-35,Female,16+,very high,2024-08-05,Morning,No,E-Payment
Bakery_2,24,19-35,Non-binary,11-15,high,2024-05-29,Morning,No,Cash
Bakery_2,25,19-35,Non-binary,11-15,high,2024-09-03,Morning,Yes,Cash
Bakery_2,26,36-50,Female,6-10,medium,2024-04-10,Afternoon,No,E-Payment
Bakery_2,27,50+,Female,16+,high,2024-05-30,Evening,Yes,E-Payment
Bakery_2,28,50+,Male,6-10,medium,2024-04-27,Morning,Yes,E-Payment
Bakery_2,29,36-50,Non-binary,1-5,low,2024-09-23,Afternoon,No,E-Payment
Bakery_2,30,50+,Female,1-5,low,2024-04-20,Afternoon,Yes,Cash
Bakery_2,31,19-35,Non-binary,6-10,medium,2024-07-25,Evening,No,Cash
Bakery_2,32,19-35,Female,1-5,low,2024-08-28,Afternoon,Yes,E-Payment
Bakery_2,33,50+,Non-binary,11-15,high,2024-08-25,Morning,Yes,E-Payment
Bakery_2,34,36-50,Non-binary,6-10,high,2024-05-08,Morning,No,E-Payment
Bakery_2,35,36-50,Non-binary,6-10,medium,2024-09-18,Morning,Yes,E-Payment
Bakery_2,36,36-50,Female,11-15,medium,2024-08-23,Morning,No,E-Payment
Bakery_2,37,36-50,Male,6-10,high,2024-09-03,Morning,Yes,Cash
Bakery_2,38,19-35,Female,1-5,low,2024-07-14,Morning,No,Cash
Bakery_2,39,19-35,Female,16+,medium,2024-05-09,Evening,Yes,E-Payment
Bakery_2,40,19-35,Female,11-15,very high,2024-04-26,Afternoon,Yes,E-Payment
Bakery_2,41,50+,Female,16+,medium,2024-06-17,Morning,Yes,Cash
Bakery_2,42,50+,Non-binary,6-10,low,2024-08-06,Morning,Yes,Cash
Bakery_2,43,36-50,Female,16+,very high,2024-09-26,Evening,No,Cash
Bakery_2,44,36-50,Male,6-10,medium,2024-06-30,Evening,Yes,Cash
Bakery_2,45,36-50,Male,1-5,low,2024-10-05,Evening,Yes,E-Payment
Bakery_2,46,19-35,Male,6-10,high,2024-08-29,Afternoon,Yes,Cash
Bakery_2,47,50+,Non-binary,1-5,low,2024-04-23,Evening,No,E-Payment
Bakery_2,48,0-18,Female,11-15,high,2024-05-25,Afternoon,No,Cash
Bakery_2,49,19-35,Non-binary,16+,very high,2024-09-29,Evening,No,Cash
Bakery_2,50,36-50,Non-binary,6-10,low,2024-07-19,Evening,Yes,E-Payment
Bakery_2,51,50+,Female,16+,very high,2024-05-01,Morning,No,E-Payment
Bakery_2,52,50+,Male,11-15,high,2024-09-30,Afternoon,Yes,Cash
Bakery_2,53,50+,Male,11-15,high,2024-07-20,Morning,Yes,Cash
Bakery_2,54,50+,Female,1-5,low,2024-05-26,Morning,No,Cash
Bakery_2,55,36-50,Female,16+,very high,2024-08-13,Evening,Yes,E-Payment
Bakery_2,56,36-50,Male,1-5,low,2024-08-02,Afternoon,No,Cash
Bakery_2,57,50+,Female,11-15,high,2024-09-25,Morning,Yes,E-Payment
Bakery_2,58,50+,Non-binary,1-5,low,2024-04-17,Afternoon,Yes,Cash
Bakery_2,59,50+,Male,6-10,high,2024-04-24,Evening,No,Cash
Bakery_2,60,50+,Non-binary,1-5,low,2024-07-11,Morning,Yes,Cash
Bakery_2,61,50+,Non-binary,16+,high,2024-08-07,Evening,Yes,Cash
Bakery_2,62,19-35,Female,16+,high,2024-04-24,Evening,No,Cash
Bakery_2,63,19-35,Female,16+,high,2024-07-02,Morning,Yes,E-Payment
Bakery_2,64,50+,Female,16+,very high,2024-08-04,Evening,Yes,E-Payment
Bakery_2,65,36-50,Male,16+,very high,2024-05-05,Evening,No,Cash
Bakery_2,66,36-50,Non-binary,6-10,medium,2024-05-02,Morning,No,E-Payment
Bakery_2,67,36-50,Female,16+,high,2024-04-14,Evening,Yes,Cash
Bakery_2,68,50+,Non-binary,16+,very high,2024-09-19,Morning,No,E-Payment
Bakery_2,69,36-50,Female,6-10,medium,2024-10-07,Evening,Yes,E-Payment
Bakery_2,70,50+,Female,1-5,low,2024-05-24,Morning,No,E-Payment
Bakery_2,71,50+,Non-binary,1-5,low,2024-04-19,Evening,No,E-Payment
Bakery_2,72,50+,Female,1-5,low,2024-08-21,Morning,Yes,E-Payment
Bakery_2,73,36-50,Non-binary,11-15,high,2024-07-05,Evening,Yes,E-Payment
Bakery_2,74,50+,Female,16+,high,2024-06-03,Evening,Yes,E-Payment
Bakery_2,75,19-35,Female,16+,very high,2024-09-01,Evening,No,Cash
Bakery_2,76,19-35,Female,6-10,low,2024-04-28,Evening,Yes,Cash
Bakery_2,77,50+,Non-binary,11-15,high,2024-07-04,Afternoon,No,E-Payment
Bakery_2,78,36-50,Non-binary,1-5,medium,2024-07-12,Evening,Yes,E-Payment
Bakery_2,79,50+,Non-binary,16+,very high,2024-06-30,Morning,No,Cash
Bakery_2,80,19-35,Female,11-15,medium,2024-07-04,Evening,No,Cash
Bakery_2,81,50+,Non-binary,11-15,high,2024-08-24,Evening,No,Cash
Bakery_2,82,50+,Male,1-5,medium,2024-05-01,Evening,No,Cash
Bakery_2,83,19-35,Male,6-10,medium,2024-10-07,Morning,No,Cash
Bakery_2,84,50+,Male,16+,high,2024-06-12,Morning,Yes,Cash
Bakery_2,85,36-50,Non-binary,11-15,high,2024-07-13,Afternoon,No,Cash
Bakery_2,86,50+,Male,1-5,medium,2024-06-15,Morning,Yes,E-Payment
Bakery_2,87,50+,Male,1-5,low,2024-06-04,Afternoon,Yes,Cash
Bakery_2,88,0-18,Non-binary,16+,high,2024-06-15,Evening,Yes,Cash
Bakery_2,89,50+,Female,6-10,medium,2024-05-21,Morning,No,E-Payment
Bakery_2,90,19-35,Non-binary,6-10,high,2024-04-28,Morning,Yes,Cash
Bakery_2,91,50+,Non-binary,1-5,low,2024-06-10,Afternoon,No,E-Payment
Bakery_2,92,36-50,Female,11-15,medium,2024-05-31,Morning,Yes,E-Payment
Bakery_2,93,50+,Non-binary,1-5,low,2024-06-18,Afternoon,Yes,E-Payment
Bakery_2,94,19-35,Female,11-15,very high,2024-09-26,Morning,Yes,E-Payment
Bakery_2,95,36-50,Non-binary,6-10,high,2024-06-22,Morning,No,Cash
Bakery_2,96,19-35,Non-binary,16+,very high,2024-07-23,Evening,Yes,E-Payment
Bakery_2,97,50+,Non-binary,16+,high,2024-06-25,Morning,No,E-Payment
Bakery_2,98,19-35,Male,6-10,high,2024-08-20,Morning,No,Cash
Bakery_2,99,36-50,Non-binary,1-5,low,2024-04-22,Morning,No,Cash
Bakery_2,100,19-35,Male,11-15,very high,2024-08-30,Evening,No,Cash
Bakery_3,1,50+,Non-binary,11-15,high,2024-09-23,Evening,No,E-Payment
Bakery_3,2,19-35,Non-binary,6-10,medium,2024-04-27,Morning,No,E-Payment
Bakery_3,3,50+,Male,16+,very high,2024-07-05,Afternoon,No,Cash
Bakery_3,4,36-50,Female,6-10,high,2024-09-19,Morning,No,E-Payment
Bakery_3,5,50+,Male,1-5,low,2024-07-06,Morning,No,E-Payment
Bakery_3,6,50+,Female,6-10,low,2024-10-04,Evening,No,Cash
Bakery_3,7,19-35,Male,11-15,medium,2024-05-25,Morning,Yes,E-Payment
Bakery_3,8,19-35,Non-binary,16+,very high,2024-05-31,Evening,No,E-Payment
Bakery_3,9,36-50,Female,16+,very high,2024-05-27,Afternoon,No,E-Payment
Bakery_3,10,19-35,Female,1-5,medium,2024-09-27,Evening,Yes,Cash
Bakery_3,11,19-35,Male,6-10,high,2024-05-02,Afternoon,No,E-Payment
Bakery_3,12,36-50,Female,6-10,high,2024-06-25,Afternoon,No,E-Payment
Bakery_3,13,50+,Male,16+,high,2024-06-20,Afternoon,Yes,Cash
Bakery_3,14,19-35,Female,11-15,high,2024-08-19,Morning,No,Cash
Bakery_3,15,36-50,Non-binary,11-15,very high,2024-06-07,Evening,No,E-Payment
Bakery_3,16,50+,Female,1-5,low,2024-08-07,Evening,Yes,Cash
Bakery_3,17,50+,Female,16+,very high,2024-04-12,Morning,No,E-Payment
Bakery_3,18,19-35,Female,6-10,medium,2024-05-25,Afternoon,Yes,E-Payment
Bakery_3,19,36-50,Male,16+,very high,2024-06-30,Morning,No,Cash
Bakery_3,20,50+,Male,6-10,medium,2024-08-29,Morning,Yes,E-Payment
Bakery_3,21,50+,Male,1-5,low,2024-09-16,Evening,No,Cash
Bakery_3,22,0-18,Male,16+,very high,2024-08-14,Morning,No,Cash
Bakery_3,23,19-35,Female,1-5,low,2024-08-28,Morning,No,E-Payment
Bakery_3,24,36-50,Female,1-5,low,2024-07-05,Afternoon,Yes,E-Payment
Bakery_3,25,50+,Female,16+,very high,2024-08-06,Evening,Yes,Cash
Bakery_3,26,19-35,Male,1-5,low,2024-09-06,Morning,Yes,E-Payment
Bakery_3,27,19-35,Female,11-15,very high,2024-10-06,Evening,No,Cash
Bakery_3,28,50+,Non-binary,1-5,low,2024-09-08,Afternoon,No,Cash
Bakery_3,29,50+,Non-binary,11-15,very high,2024-06-21,Afternoon,Yes,Cash
Bakery_3,30,19-35,Non-binary,6-10,medium,2024-06-14,Morning,Yes,E-Payment
Bakery_3,31,36-50,Female,16+,very high,2024-07-31,Evening,Yes,E-Payment
Bakery_3,32,36-50,Female,16+,very high,2024-06-10,Evening,No,Cash
Bakery_3,33,36-50,Non-binary,1-5,low,2024-05-10,Afternoon,No,E-Payment
Bakery_3,34,50+,Non-binary,16+,high,2024-09-05,Afternoon,No,E-Payment
Bakery_3,35,36-50,Male,16+,very high,2024-08-31,Evening,No,E-Payment
Bakery_3,36,19-35,Female,6-10,high,2024-07-20,Afternoon,Yes,E-Payment
Bakery_3,37,50+,Non-binary,6-10,low,2024-05-13,Morning,No,E-Payment
Bakery_3,38,19-35,Male,6-10,medium,2024-10-01,Evening,No,E-Payment
Bakery_3,39,36-50,Non-binary,16+,very high,2024-05-28,Evening,Yes,Cash
Bakery_3,40,19-35,Non-binary,16+,high,2024-08-31,Morning,No,Cash
Bakery_3,41,50+,Male,11-15,very high,2024-06-23,Morning,No,E-Payment
Bakery_3,42,19-35,Non-binary,6-10,medium,2024-07-01,Evening,No,Cash
Bakery_3,43,19-35,Female,6-10,high,2024-08-25,Evening,No,Cash
Bakery_3,44,36-50,Female,16+,very high,2024-04-14,Evening,No,E-Payment
Bakery_3,45,50+,Female,11-15,high,2024-06-05,Morning,No,E-Payment
Bakery_3,46,50+,Non-binary,16+,high,2024-10-02,Evening,Yes,E-Payment
Bakery_3,47,19-35,Non-binary,1-5,low,2024-09-12,Afternoon,No,E-Payment
Bakery_3,48,50+,Female,16+,high,2024-06-30,Afternoon,No,E-Payment
Bakery_3,49,19-35,Non-binary,1-5,medium,2024-08-10,Morning,No,E-Payment
Bakery_3,50,50+,Male,11-15,very high,2024-08-18,Afternoon,No,E-Payment
Bakery_3,51,50+,Male,11-15,high,2024-08-28,Morning,Yes,Cash
Bakery_3,52,19-35,Non-binary,16+,very high,2024-08-07,Morning,No,Cash
Bakery_3,53,19-35,Non-binary,16+,very high,2024-05-20,Morning,No,Cash
Bakery_3,54,19-35,Female,16+,very high,2024-08-22,Morning,Yes,E-Payment
Bakery_3,55,19-35,Female,6-10,medium,2024-09-14,Evening,Yes,Cash
Bakery_3,56,19-35,Male,11-15,high,2024-08-15,Evening,Yes,E-Payment
Bakery_3,57,36-50,Female,6-10,medium,2024-08-06,Afternoon,Yes,Cash
Bakery_3,58,19-35,Non-binary,1-5,low,2024-05-07,Morning,Yes,E-Payment
Bakery_3,59,50+,Non-binary,6-10,medium,2024-06-21,Afternoon,No,E-Payment
Bakery_3,60,50+,Female,11-15,very high,2024-06-27,Evening,No,Cash
Bakery_3,61,19-35,Male,11-15,very high,2024-07-21,Evening,Yes,E-Payment
Bakery_3,62,50+,Non-binary,1-5,medium,2024-08-01,Evening,No,E-Payment
Bakery_3,63,36-50,Non-binary,16+,very high,2024-08-29,Evening,No,E-Payment
Bakery_3,64,50+,Non-binary,16+,very high,2024-04-12,Morning,No,E-Payment
Bakery_3,65,19-35,Male,6-10,high,2024-07-20,Morning,Yes,E-Payment
Bakery_3,66,50+,Male,11-15,high,2024-05-19,Afternoon,Yes,Cash
Bakery_3,67,50+,Male,6-10,medium,2024-07-16,Morning,Yes,Cash
Bakery_3,68,36-50,Female,16+,very high,2024-09-21,Morning,No,E-Payment
Bakery_3,69,19-35,Non-binary,6-10,high,2024-08-25,Evening,No,E-Payment
Bakery_3,70,19-35,Female,11-15,very high,2024-05-14,Morning,Yes,E-Payment
Bakery_3,71,36-50,Non-binary,16+,high,2024-04-15,Morning,Yes,Cash
Bakery_3,72,36-50,Male,6-10,high,2024-07-29,Evening,Yes,E-Payment
Bakery_3,73,36-50,Non-binary,1-5,low,2024-05-13,Morning,Yes,E-Payment
Bakery_3,74,50+,Non-binary,6-10,medium,2024-04-23,Evening,Yes,E-Payment
Bakery_3,75,19-35,Male,1-5,low,2024-08-07,Afternoon,No,E-Payment
Bakery_3,76,19-35,Male,1-5,low,2024-04-12,Morning,No,Cash
Bakery_3,77,36-50,Male,1-5,medium,2024-09-07,Afternoon,No,E-Payment
Bakery_3,78,36-50,Non-binary,1-5,medium,2024-04-21,Morning,No,E-Payment
Bakery_3,79,19-35,Non-binary,1-5,low,2024-05-01,Afternoon,No,E-Payment
Bakery_3,80,19-35,Male,11-15,high,2024-08-10,Morning,Yes,E-Payment
Bakery_3,81,36-50,Male,16+,high,2024-06-26,Evening,No,E-Payment
Bakery_3,82,50+,Non-binary,1-5,medium,2024-08-09,Morning,No,E-Payment
Bakery_3,83,36-50,Male,11-15,medium,2024-05-23,Afternoon,Yes,Cash
Bakery_3,84,36-50,Male,6-10,low,2024-07-26,Morning,No,E-Payment
Bakery_3,85,50+,Female,16+,very high,2024-07-15,Evening,Yes,Cash
Bakery_3,86,36-50,Female,16+,medium,2024-07-23,Afternoon,No,E-Payment
Bakery_3,87,19-35,Male,6-10,high,2024-04-14,Evening,Yes,E-Payment
Bakery_3,88,19-35,Non-binary,1-5,low,2024-09-09,Evening,Yes,E-Payment
Bakery_3,89,36-50,Male,1-5,low,2024-04-17,Morning,No,Cash
Bakery_3,90,50+,Male,1-5,medium,2024-07-22,Evening,No,Cash
Bakery_3,91,19-35,Female,11-15,medium,2024-05-26,Afternoon,Yes,Cash
Bakery_3,92,36-50,Male,16+,very high,2024-04-28,Afternoon,No,E-Payment
Bakery_3,93,36-50,Male,16+,very high,2024-10-04,Afternoon,Yes,Cash
Bakery_3,94,50+,Male,11-15,high,2024-08-04,Morning,Yes,E-Payment
Bakery_3,95,50+,Male,16+,very high,2024-06-13,Morning,Yes,E-Payment
Bakery_3,96,19-35,Female,11-15,high,2024-07-26,Morning,No,Cash
Bakery_3,97,36-50,Non-binary,6-10,medium,2024-10-01,Evening,No,E-Payment
Bakery_3,98,36-50,Female,11-15,high,2024-06-02,Morning,Yes,Cash
Bakery_3,99,50+,Male,1-5,low,2024-08-17,Afternoon,No,Cash
Bakery_3,100,36-50,Male,6-10,medium,2024-09-09,Evening,No,E-Payment
Bakery_4,1,19-35,Non-binary,11-15,high,2024-09-25,Afternoon,Yes,Cash
Bakery_4,2,19-35,Male,1-5,low,2024-10-06,Evening,Yes,E-Payment
Bakery_4,3,50+,Non-binary,6-10,low,2024-05-19,Evening,No,E-Payment
Bakery_4,4,36-50,Non-binary,11-15,medium,2024-07-31,Morning,Yes,E-Payment
Bakery_4,5,19-35,Non-binary,1-5,medium,2024-08-02,Morning,No,Cash
Bakery_4,6,19-35,Non-binary,11-15,high,2024-08-23,Morning,Yes,E-Payment
Bakery_4,7,19-35,Male,16+,high,2024-04-24,Afternoon,No,E-Payment
Bakery_4,8,19-35,Male,6-10,medium,2024-06-29,Evening,Yes,E-Payment
Bakery_4,9,36-50,Non-binary,1-5,low,2024-06-14,Evening,Yes,E-Payment
Bakery_4,10,50+,Male,6-10,medium,2024-05-23,Afternoon,Yes,E-Payment
Bakery_4,11,19-35,Male,1-5,low,2024-07-10,Evening,No,Cash
Bakery_4,12,19-35,Male,6-10,medium,2024-06-17,Afternoon,Yes,E-Payment
Bakery_4,13,50+,Female,1-5,low,2024-06-16,Morning,Yes,Cash
Bakery_4,14,50+,Female,6-10,low,2024-05-23,Morning,Yes,E-Payment
Bakery_4,15,36-50,Non-binary,16+,very high,2024-07-19,Morning,Yes,E-Payment
Bakery_4,16,36-50,Female,1-5,low,2024-07-11,Afternoon,Yes,Cash
Bakery_4,17,19-35,Male,16+,high,2024-07-15,Afternoon,Yes,E-Payment
Bakery_4,18,19-35,Non-binary,1-5,medium,2024-04-30,Morning,Yes,Cash
Bakery_4,19,50+,Male,6-10,high,2024-06-20,Morning,No,E-Payment
Bakery_4,20,50+,Non-binary,1-5,medium,2024-07-21,Evening,Yes,E-Payment
Bakery_4,21,50+,Non-binary,16+,high,2024-06-06,Evening,Yes,E-Payment
Bakery_4,22,19-35,Non-binary,11-15,very high,2024-08-07,Evening,No,Cash
Bakery_4,23,50+,Female,1-5,low,2024-05-24,Evening,No,Cash
Bakery_4,24,19-35,Male,11-15,very high,2024-10-04,Evening,Yes,E-Payment
Bakery_4,25,19-35,Non-binary,6-10,medium,2024-06-06,Morning,Yes,Cash
Bakery_4,26,50+,Male,6-10,high,2024-09-24,Afternoon,No,E-Payment
Bakery_4,27,36-50,Female,11-15,high,2024-08-05,Evening,No,Cash
Bakery_4,28,50+,Non-binary,16+,high,2024-08-24,Afternoon,No,Cash
Bakery_4,29,19-35,Female,1-5,medium,2024-10-02,Evening,No,E-Payment
Bakery_4,30,50+,Female,11-15,high,2024-08-21,Evening,Yes,E-Payment
Bakery_4,31,36-50,Male,16+,very high,2024-06-15,Morning,Yes,E-Payment
Bakery_4,32,19-35,Non-binary,1-5,low,2024-07-31,Morning,Yes,E-Payment
Bakery_4,33,50+,Female,16+,high,2024-04-22,Morning,Yes,E-Payment
Bakery_4,34,50+,Male,1-5,medium,2024-09-05,Morning,Yes,E-Payment
Bakery_4,35,0-18,Non-binary,6-10,medium,2024-04-13,Morning,No,E-Payment
Bakery_4,36,36-50,Non-binary,11-15,high,2024-06-23,Morning,Yes,E-Payment
Bakery_4,37,19-35,Non-binary,16+,very high,2024-07-15,Evening,No,Cash
Bakery_4,38,19-35,Non-binary,1-5,medium,2024-06-27,Evening,No,Cash
Bakery_4,39,36-50,Non-binary,11-15,high,2024-08-18,Evening,No,Cash
Bakery_4,40,19-35,Male,11-15,high,2024-07-24,Morning,Yes,E-Payment
Bakery_4,41,19-35,Female,1-5,medium,2024-07-16,Afternoon,No,E-Payment
Bakery_4,42,19-35,Male,16+,very high,2024-04-14,Evening,No,E-Payment
Bakery_4,43,19-35,Female,11-15,medium,2024-09-19,Evening,Yes,Cash
Bakery_4,44,19-35,Female,6-10,high,2024-06-08,Afternoon,No,E-Payment
Bakery_4,45,36-50,Female,6-10,medium,2024-09-15,Evening,No,Cash
Bakery_4,46,50+,Female,6-10,high,2024-05-17,Evening,Yes,Cash
Bakery_4,47,50+,Female,16+,very high,2024-09-25,Afternoon,No,E-Payment
Bakery_4,48,50+,Non-binary,1-5,low,2024-05-04,Afternoon,No,Cash
Bakery_4,49,19-35,Female,11-15,high,2024-08-11,Afternoon,Yes,E-Payment
Bakery_4,50,50+,Female,16+,high,2024-07-29,Morning,No,Cash
Bakery_4,51,36-50,Non-binary,16+,very high,2024-05-29,Morning,Yes,E-Payment
Bakery_4,52,36-50,Female,16+,very high,2024-07-03,Evening,Yes,E-Payment
Bakery_4,53,50+,Female,1-5,low,2024-08-11,Evening,Yes,E-Payment
Bakery_4,54,19-35,Female,11-15,medium,2024-07-20,Afternoon,Yes,E-Payment
Bakery_4,55,19-35,Male,1-5,medium,2024-06-17,Morning,Yes,Cash
Bakery_4,56,36-50,Male,16+,very high,2024-07-30,Morning,Yes,Cash
Bakery_4,57,50+,Non-binary,6-10,high,2024-09-04,Afternoon,Yes,E-Payment
Bakery_4,58,50+,Non-binary,11-15,very high,2024-08-13,Afternoon,No,Cash
Bakery_4,59,36-50,Female,16+,very high,2024-05-18,Morning,No,Cash
Bakery_4,60,36-50,Male,11-15,very high,2024-08-24,Afternoon,Yes,Cash
Bakery_4,61,50+,Non-binary,6-10,high,2024-07-09,Evening,Yes,Cash
Bakery_4,62,36-50,Non-binary,6-10,medium,2024-09-17,Morning,Yes,E-Payment
Bakery_4,63,36-50,Male,1-5,low,2024-07-30,Afternoon,Yes,Cash
Bakery_4,64,50+,Non-binary,6-10,high,2024-10-06,Evening,Yes,E-Payment
Bakery_4,65,50+,Male,16+,high,2024-04-14,Afternoon,No,Cash
Bakery_4,66,50+,Non-binary,1-5,medium,2024-06-02,Afternoon,No,E-Payment
Bakery_4,67,50+,Female,16+,very high,2024-09-10,Evening,No,E-Payment
Bakery_4,68,50+,Male,11-15,high,2024-08-31,Afternoon,Yes,E-Payment
Bakery_4,69,19-35,Non-binary,11-15,very high,2024-09-19,Morning,No,E-Payment
Bakery_4,70,36-50,Non-binary,16+,very high,2024-06-07,Morning,Yes,Cash
Bakery_4,71,19-35,Male,6-10,high,2024-08-02,Afternoon,Yes,Cash
Bakery_4,72,36-50,Non-binary,11-15,high,2024-07-01,Afternoon,Yes,Cash
Bakery_4,73,19-35,Female,11-15,medium,2024-07-26,Afternoon,No,E-Payment
Bakery_4,74,50+,Male,16+,very high,2024-07-12,Evening,No,Cash
Bakery_4,75,36-50,Female,6-10,medium,2024-04-14,Morning,No,E-Payment
Bakery_4,76,19-35,Female,16+,high,2024-07-08,Morning,Yes,E-Payment
Bakery_4,77,50+,Female,6-10,medium,2024-05-02,Morning,Yes,E-Payment
Bakery_4,78,50+,Female,1-5,low,2024-06-17,Morning,Yes,E-Payment
Bakery_4,79,19-35,Female,16+,very high,2024-04-12,Morning,No,E-Payment
Bakery_4,80,50+,Male,6-10,medium,2024-08-30,Afternoon,No,Cash
Bakery_4,81,36-50,Male,16+,high,2024-06-12,Afternoon,No,E-Payment
Bakery_4,82,19-35,Female,16+,very high,2024-08-16,Morning,No,E-Payment
Bakery_4,83,50+,Female,11-15,medium,2024-06-18,Morning,No,E-Payment
Bakery_4,84,19-35,Male,11-15,high,2024-05-09,Afternoon,Yes,E-Payment
Bakery_4,85,50+,Male,11-15,high,2024-05-21,Evening,Yes,E-Payment
Bakery_4,86,36-50,Non-binary,16+,high,2024-06-10,Morning,Yes,E-Payment
Bakery_4,87,50+,Male,6-10,medium,2024-09-26,Afternoon,No,E-Payment
Bakery_4,88,19-35,Non-binary,6-10,medium,2024-07-29,Afternoon,Yes,E-Payment
Bakery_4,89,50+,Male,6-10,medium,2024-06-06,Evening,Yes,E-Payment
Bakery_4,90,50+,Non-binary,6-10,medium,2024-05-05,Morning,Yes,Cash
Bakery_4,91,19-35,Male,6-10,high,2024-07-02,Morning,No,E-Payment
Bakery_4,92,50+,Female,11-15,high,2024-08-31,Afternoon,No,E-Payment
Bakery_4,93,19-35,Non-binary,11-15,medium,2024-07-22,Afternoon,Yes,E-Payment
Bakery_4,94,36-50,Female,16+,high,2024-08-12,Evening,Yes,E-Payment
Bakery_4,95,19-35,Male,11-15,very high,2024-07-21,Evening,Yes,E-Payment
Bakery_4,96,50+,Non-binary,1-5,low,2024-06-13,Morning,Yes,E-Payment
Bakery_4,97,50+,Female,6-10,medium,2024-04-18,Afternoon,Yes,Cash
Bakery_4,98,19-35,Male,11-15,very high,2024-05-04,Evening,Yes,E-Payment
Bakery_4,99,19-35,Female,16+,high,2024-10-02,Morning,Yes,E-Payment
Bakery_4,100,50+,Male,1-5,low,2024-08-29,Morning,No,Cash
Bakery_5,1,50+,Female,11-15,high,2024-06-30,Morning,Yes,E-Payment
Bakery_5,2,50+,Female,6-10,medium,2024-05-30,Morning,No,E-Payment
Bakery_5,3,36-50,Female,1-5,medium,2024-05-11,Evening,No,E-Payment
Bakery_5,4,19-35,Non-binary,16+,high,2024-05-05,Evening,Yes,Cash
Bakery_5,5,50+,Non-binary,1-5,low,2024-06-26,Morning,No,E-Payment
Bakery_5,6,36-50,Male,6-10,high,2024-06-29,Afternoon,Yes,Cash
Bakery_5,7,19-35,Female,6-10,medium,2024-05-01,Morning,No,Cash
Bakery_5,8,50+,Female,11-15,very high,2024-09-10,Afternoon,No,E-Payment
Bakery_5,9,19-35,Female,1-5,low,2024-07-22,Afternoon,No,E-Payment
Bakery_5,10,19-35,Non-binary,6-10,high,2024-05-01,Afternoon,No,E-Payment
Bakery_5,11,36-50,Female,16+,high,2024-09-25,Morning,No,E-Payment
Bakery_5,12,36-50,Male,16+,high,2024-07-21,Afternoon,Yes,E-Payment
Bakery_5,13,36-50,Non-binary,1-5,medium,2024-08-01,Afternoon,Yes,E-Payment
Bakery_5,14,50+,Non-binary,6-10,high,2024-10-06,Morning,No,E-Payment
Bakery_5,15,19-35,Male,1-5,low,2024-09-17,Morning,Yes,E-Payment
Bakery_5,16,19-35,Male,6-10,high,2024-09-22,Evening,Yes,E-Payment
Bakery_5,17,36-50,Male,16+,high,2024-04-19,Evening,No,E-Payment
Bakery_5,18,19-35,Non-binary,11-15,very high,2024-09-24,Evening,No,E-Payment
Bakery_5,19,50+,Female,6-10,high,2024-06-02,Evening,No,E-Payment
Bakery_5,20,19-35,Non-binary,16+,very high,2024-04-22,Evening,No,E-Payment
Bakery_5,21,19-35,Non-binary,11-15,high,2024-04-14,Morning,No,Cash
Bakery_5,22,36-50,Non-binary,16+,very high,2024-05-22,Afternoon,No,E-Payment
Bakery_5,23,50+,Female,1-5,low,2024-06-01,Evening,Yes,Cash
Bakery_5,24,36-50,Non-binary,16+,very high,2024-06-27,Evening,No,E-Payment
Bakery_5,25,19-35,Female,1-5,low,2024-09-29,Morning,Yes,E-Payment
Bakery_5,26,50+,Female,16+,very high,2024-05-16,Afternoon,No,E-Payment
Bakery_5,27,50+,Male,1-5,low,2024-04-29,Afternoon,Yes,E-Payment
Bakery_5,28,19-35,Female,11-15,medium,2024-07-22,Evening,No,E-Payment
Bakery_5,29,19-35,Non-binary,6-10,medium,2024-08-11,Evening,Yes,Cash
Bakery_5,30,50+,Male,6-10,medium,2024-06-26,Evening,No,Cash
Bakery_5,31,50+,Male,6-10,high,2024-09-25,Evening,Yes,E-Payment
Bakery_5,32,50+,Non-binary,6-10,medium,2024-08-18,Evening,No,E-Payment
Bakery_5,33,0-18,Non-binary,1-5,low,2024-05-02,Afternoon,No,E-Payment
Bakery_5,34,50+,Female,6-10,medium,2024-08-28,Evening,Yes,Cash
Bakery_5,35,36-50,Female,1-5,low,2024-07-12,Afternoon,Yes,E-Payment
Bakery_5,36,36-50,Female,11-15,very high,2024-05-05,Evening,Yes,Cash
Bakery_5,37,50+,Female,1-5,low,2024-08-25,Evening,Yes,E-Payment
Bakery_5,38,19-35,Male,1-5,low,2024-10-04,Morning,Yes,Cash
Bakery_5,39,50+,Male,16+,very high,2024-09-15,Evening,No,E-Payment
Bakery_5,40,36-50,Non-binary,11-15,medium,2024-06-23,Evening,Yes,E-Payment
Bakery_5,41,50+,Non-binary,6-10,medium,2024-06-14,Afternoon,No,Cash
Bakery_5,42,36-50,Non-binary,11-15,medium,2024-09-29,Morning,Yes,Cash
Bakery_5,43,19-35,Non-binary,11-15,medium,2024-08-04,Afternoon,No,E-Payment
Bakery_5,44,50+,Male,6-10,medium,2024-06-15,Afternoon,Yes,Cash
Bakery_5,45,36-50,Non-binary,11-15,medium,2024-09-06,Morning,No,Cash
Bakery_5,46,50+,Female,6-10,high,2024-08-18,Afternoon,No,Cash
Bakery_5,47,36-50,Female,16+,very high,2024-06-28,Morning,Yes,E-Payment
Bakery_5,48,36-50,Female,6-10,high,2024-04-28,Afternoon,Yes,E-Payment
Bakery_5,49,19-35,Male,16+,very high,2024-04-28,Morning,No,Cash
Bakery_5,50,50+,Male,16+,medium,2024-06-05,Afternoon,Yes,E-Payment
Bakery_5,51,50+,Female,16+,very high,2024-07-12,Morning,No,E-Payment
Bakery_5,52,19-35,Male,16+,high,2024-08-04,Afternoon,No,Cash
Bakery_5,53,50+,Female,16+,very high,2024-07-27,Evening,Yes,Cash
Bakery_5,54,50+,Non-binary,11-15,high,2024-09-30,Afternoon,Yes,E-Payment
Bakery_5,55,19-35,Non-binary,6-10,medium,2024-07-24,Evening,Yes,E-Payment
Bakery_5,56,50+,Non-binary,6-10,medium,2024-09-17,Evening,Yes,E-Payment
Bakery_5,57,50+,Non-binary,16+,very high,2024-06-07,Evening,No,E-Payment
Bakery_5,58,50+,Male,6-10,medium,2024-08-23,Morning,Yes,E-Payment
Bakery_5,59,19-35,Female,6-10,medium,2024-08-04,Afternoon,Yes,E-Payment
Bakery_5,60,50+,Male,16+,very high,2024-04-29,Evening,No,Cash
Bakery_5,61,36-50,Male,11-15,very high,2024-07-10,Morning,Yes,E-Payment
Bakery_5,62,19-35,Non-binary,16+,high,2024-05-25,Morning,Yes,E-Payment
Bakery_5,63,19-35,Non-binary,11-15,medium,2024-10-04,Evening,No,E-Payment
Bakery_5,64,50+,Female,11-15,high,2024-08-01,Morning,No,E-Payment
Bakery_5,65,36-50,Female,11-15,very high,2024-09-24,Afternoon,No,Cash
Bakery_5,66,19-35,Female,16+,very high,2024-09-01,Morning,No,Cash
Bakery_5,67,36-50,Female,1-5,low,2024-05-09,Evening,Yes,Cash
Bakery_5,68,0-18,Male,11-15,high,2024-09-12,Evening,Yes,Cash
Bakery_5,69,50+,Non-binary,16+,very high,2024-06-25,Evening,No,Cash
Bakery_5,70,50+,Male,1-5,low,2024-07-13,Evening,No,E-Payment
Bakery_5,71,50+,Male,16+,high,2024-06-16,Evening,Yes,E-Payment
Bakery_5,72,36-50,Male,6-10,high,2024-07-24,Afternoon,No,Cash
Bakery_5,73,50+,Male,11-15,very high,2024-04-13,Afternoon,Yes,E-Payment
Bakery_5,74,50+,Female,6-10,high,2024-05-18,Morning,No,Cash
Bakery_5,75,50+,Non-binary,16+,high,2024-05-20,Evening,Yes,E-Payment
Bakery_5,76,19-35,Female,11-15,very high,2024-05-05,Morning,Yes,E-Payment
Bakery_5,77,19-35,Female,6-10,medium,2024-07-29,Morning,No,Cash
Bakery_5,78,19-35,Non-binary,1-5,medium,2024-07-05,Evening,Yes,Cash
Bakery_5,79,50+,Non-binary,11-15,high,2024-06-06,Morning,No,E-Payment
Bakery_5,80,19-35,Non-binary,16+,high,2024-09-23,Afternoon,No,E-Payment
Bakery_5,81,50+,Female,11-15,high,2024-04-21,Morning,No,E-Payment
Bakery_5,82,50+,Female,6-10,high,2024-09-28,Afternoon,No,E-Payment
Bakery_5,83,36-50,Female,6-10,high,2024-05-19,Afternoon,Yes,E-Payment
Bakery_5,84,36-50,Non-binary,6-10,high,2024-09-25,Evening,Yes,Cash
Bakery_5,85,50+,Male,6-10,high,2024-06-25,Afternoon,No,Cash
Bakery_5,86,19-35,Male,11-15,high,2024-06-12,Evening,No,E-Payment
Bakery_5,87,19-35,Non-binary,1-5,medium,2024-07-02,Evening,Yes,E-Payment
Bakery_5,88,50+,Male,1-5,low,2024-04-13,Morning,No,E-Payment
Bakery_5,89,50+,Non-binary,6-10,low,2024-08-09,Afternoon,Yes,E-Payment
Bakery_5,90,50+,Non-binary,6-10,high,2024-06-19,Afternoon,No,E-Payment
Bakery_5,91,19-35,Non-binary,11-15,high,2024-10-03,Afternoon,Yes,E-Payment
Bakery_5,92,50+,Female,11-15,very high,2024-09-07,Morning,No,E-Payment
Bakery_5,93,19-35,Female,11-15,high,2024-08-25,Morning,Yes,Cash
Bakery_5,94,19-35,Non-binary,6-10,medium,2024-07-29,Morning,Yes,E-Payment
Bakery_5,95,36-50,Non-binary,11-15,medium,2024-04-16,Morning,No,E-Payment
Bakery_5,96,36-50,Female,16+,high,2024-07-04,Evening,Yes,E-Payment
Bakery_5,97,36-50,Female,1-5,low,2024-07-19,Morning,No,Cash
Bakery_5,98,36-50,Male,11-15,high,2024-08-22,Evening,Yes,E-Payment
Bakery_5,99,19-35,Male,1-5,low,2024-09-25,Morning,No,E-Payment
Bakery_5,100,50+,Male,1-5,low,2024-04-26,Evening,No,Cash
